Algoritmo,Caso,Desv,Tiempo(ms)
BMB,GKD-b_10_n25_m7.txt,22.32,4.00
BMB,GKD-b_11_n50_m5.txt,72.27,6.00
BMB,GKD-b_12_n50_m5.txt,54.52,6.00
BMB,GKD-b_13_n50_m5.txt,69.04,6.00
BMB,GKD-b_14_n50_m5.txt,76.71,4.80
BMB,GKD-b_15_n50_m5.txt,67.03,4.60
BMB,GKD-b_16_n50_m15.txt,52.99,33.00
BMB,GKD-b_17_n50_m15.txt,42.74,32.40
BMB,GKD-b_18_n50_m15.txt,46.46,32.00
BMB,GKD-b_19_n50_m15.txt,47.39,31.20
BMB,GKD-b_1_n25_m2.txt,0.00,0.00
BMB,GKD-b_20_n50_m15.txt,44.97,32.20
BMB,GKD-b_21_n100_m10.txt,62.18,25.60
BMB,GKD-b_22_n100_m10.txt,56.82,32.00
BMB,GKD-b_23_n100_m10.txt,56.82,25.80
BMB,GKD-b_24_n100_m10.txt,72.38,25.00
BMB,GKD-b_25_n100_m10.txt,40.60,24.60
BMB,GKD-b_26_n100_m30.txt,55.53,150.40
BMB,GKD-b_27_n100_m30.txt,65.62,146.60
BMB,GKD-b_28_n100_m30.txt,69.14,150.80
BMB,GKD-b_29_n100_m30.txt,60.01,144.60
BMB,GKD-b_2_n25_m2.txt,0.00,0.00
BMB,GKD-b_30_n100_m30.txt,66.36,160.00
BMB,GKD-b_31_n125_m12.txt,79.36,41.60
BMB,GKD-b_32_n125_m12.txt,52.44,42.60
BMB,GKD-b_33_n125_m12.txt,63.34,43.40
BMB,GKD-b_34_n125_m12.txt,58.08,41.60
BMB,GKD-b_35_n125_m12.txt,66.76,38.20
BMB,GKD-b_36_n125_m37.txt,65.82,237.80
BMB,GKD-b_37_n125_m37.txt,62.59,256.00
BMB,GKD-b_38_n125_m37.txt,64.39,237.20
BMB,GKD-b_39_n125_m37.txt,62.90,231.80
BMB,GKD-b_3_n25_m2.txt,0.00,0.00
BMB,GKD-b_40_n125_m37.txt,65.29,236.20
BMB,GKD-b_41_n150_m15.txt,61.32,66.60
BMB,GKD-b_42_n150_m15.txt,66.05,59.20
BMB,GKD-b_43_n150_m15.txt,66.24,66.00
BMB,GKD-b_44_n150_m15.txt,63.77,62.20
BMB,GKD-b_45_n150_m15.txt,57.31,59.60
BMB,GKD-b_46_n150_m45.txt,67.92,377.00
BMB,GKD-b_47_n150_m45.txt,65.81,359.00
BMB,GKD-b_48_n150_m45.txt,64.19,379.20
BMB,GKD-b_49_n150_m45.txt,67.91,378.40
BMB,GKD-b_4_n25_m2.txt,0.00,0.00
BMB,GKD-b_50_n150_m45.txt,63.05,373.20
BMB,GKD-b_5_n25_m2.txt,0.00,0.00
BMB,GKD-b_6_n25_m7.txt,16.29,4.40
BMB,GKD-b_7_n25_m7.txt,32.77,4.20
BMB,GKD-b_8_n25_m7.txt,16.14,4.40
BMB,GKD-b_9_n25_m7.txt,28.98,4.60
Greedy,GKD-b_10_n25_m7.txt,81.03,0.00
Greedy,GKD-b_11_n50_m5.txt,96.85,0.00
Greedy,GKD-b_12_n50_m5.txt,96.62,0.00
Greedy,GKD-b_13_n50_m5.txt,97.86,0.00
Greedy,GKD-b_14_n50_m5.txt,95.29,0.00
Greedy,GKD-b_15_n50_m5.txt,95.43,0.00
Greedy,GKD-b_16_n50_m15.txt,83.34,0.00
Greedy,GKD-b_17_n50_m15.txt,78.36,0.00
Greedy,GKD-b_18_n50_m15.txt,79.25,0.00
Greedy,GKD-b_19_n50_m15.txt,87.11,0.00
Greedy,GKD-b_1_n25_m2.txt,0.00,0.00
Greedy,GKD-b_20_n50_m15.txt,82.95,0.00
Greedy,GKD-b_21_n100_m10.txt,88.15,0.00
Greedy,GKD-b_22_n100_m10.txt,92.84,0.00
Greedy,GKD-b_23_n100_m10.txt,89.78,0.00
Greedy,GKD-b_24_n100_m10.txt,96.28,0.00
Greedy,GKD-b_25_n100_m10.txt,92.14,0.00
Greedy,GKD-b_26_n100_m30.txt,73.46,0.00
Greedy,GKD-b_27_n100_m30.txt,80.59,0.00
Greedy,GKD-b_28_n100_m30.txt,84.85,0.00
Greedy,GKD-b_29_n100_m30.txt,77.74,0.00
Greedy,GKD-b_2_n25_m2.txt,0.00,0.00
Greedy,GKD-b_30_n100_m30.txt,85.42,0.00
Greedy,GKD-b_31_n125_m12.txt,78.97,0.00
Greedy,GKD-b_32_n125_m12.txt,91.34,0.00
Greedy,GKD-b_33_n125_m12.txt,89.50,0.00
Greedy,GKD-b_34_n125_m12.txt,93.40,0.00
Greedy,GKD-b_35_n125_m12.txt,92.49,0.00
Greedy,GKD-b_36_n125_m37.txt,86.48,0.00
Greedy,GKD-b_37_n125_m37.txt,83.49,0.00
Greedy,GKD-b_38_n125_m37.txt,79.66,0.00
Greedy,GKD-b_39_n125_m37.txt,78.28,0.00
Greedy,GKD-b_3_n25_m2.txt,0.00,0.00
Greedy,GKD-b_40_n125_m37.txt,81.91,0.00
Greedy,GKD-b_41_n150_m15.txt,95.95,0.00
Greedy,GKD-b_42_n150_m15.txt,90.36,0.00
Greedy,GKD-b_43_n150_m15.txt,90.33,0.00
Greedy,GKD-b_44_n150_m15.txt,92.25,0.00
Greedy,GKD-b_45_n150_m15.txt,84.72,0.00
Greedy,GKD-b_46_n150_m45.txt,76.69,0.00
Greedy,GKD-b_47_n150_m45.txt,88.19,0.00
Greedy,GKD-b_48_n150_m45.txt,84.14,0.00
Greedy,GKD-b_49_n150_m45.txt,75.27,0.00
Greedy,GKD-b_4_n25_m2.txt,0.00,0.00
Greedy,GKD-b_50_n150_m45.txt,80.55,0.00
Greedy,GKD-b_5_n25_m2.txt,0.00,0.00
Greedy,GKD-b_6_n25_m7.txt,92.62,0.00
Greedy,GKD-b_7_n25_m7.txt,85.69,0.00
Greedy,GKD-b_8_n25_m7.txt,86.22,0.00
Greedy,GKD-b_9_n25_m7.txt,74.10,0.00
ILS,GKD-b_10_n25_m7.txt,13.31,4.20
ILS,GKD-b_11_n50_m5.txt,71.42,4.60
ILS,GKD-b_12_n50_m5.txt,67.42,4.80
ILS,GKD-b_13_n50_m5.txt,68.74,5.00
ILS,GKD-b_14_n50_m5.txt,69.85,5.20
ILS,GKD-b_15_n50_m5.txt,67.33,4.80
ILS,GKD-b_16_n50_m15.txt,47.97,28.20
ILS,GKD-b_17_n50_m15.txt,33.48,29.40
ILS,GKD-b_18_n50_m15.txt,41.20,29.80
ILS,GKD-b_19_n50_m15.txt,46.93,30.60
ILS,GKD-b_1_n25_m2.txt,0.00,0.00
ILS,GKD-b_20_n50_m15.txt,35.30,28.80
ILS,GKD-b_21_n100_m10.txt,56.61,22.20
ILS,GKD-b_22_n100_m10.txt,57.36,24.80
ILS,GKD-b_23_n100_m10.txt,58.07,21.60
ILS,GKD-b_24_n100_m10.txt,72.49,22.40
ILS,GKD-b_25_n100_m10.txt,43.74,21.80
ILS,GKD-b_26_n100_m30.txt,49.17,125.80
ILS,GKD-b_27_n100_m30.txt,58.45,132.40
ILS,GKD-b_28_n100_m30.txt,65.57,135.40
ILS,GKD-b_29_n100_m30.txt,57.97,123.40
ILS,GKD-b_2_n25_m2.txt,0.00,0.00
ILS,GKD-b_30_n100_m30.txt,62.18,133.80
ILS,GKD-b_31_n125_m12.txt,74.46,33.00
ILS,GKD-b_32_n125_m12.txt,48.82,33.00
ILS,GKD-b_33_n125_m12.txt,55.78,35.00
ILS,GKD-b_34_n125_m12.txt,51.08,37.80
ILS,GKD-b_35_n125_m12.txt,57.90,32.80
ILS,GKD-b_36_n125_m37.txt,59.76,186.80
ILS,GKD-b_37_n125_m37.txt,57.80,215.80
ILS,GKD-b_38_n125_m37.txt,64.33,184.60
ILS,GKD-b_39_n125_m37.txt,58.23,214.40
ILS,GKD-b_3_n25_m2.txt,0.00,0.00
ILS,GKD-b_40_n125_m37.txt,58.62,212.20
ILS,GKD-b_41_n150_m15.txt,59.38,55.60
ILS,GKD-b_42_n150_m15.txt,64.24,51.00
ILS,GKD-b_43_n150_m15.txt,65.11,49.80
ILS,GKD-b_44_n150_m15.txt,65.61,49.00
ILS,GKD-b_45_n150_m15.txt,62.90,50.80
ILS,GKD-b_46_n150_m45.txt,63.20,290.60
ILS,GKD-b_47_n150_m45.txt,61.21,294.00
ILS,GKD-b_48_n150_m45.txt,59.11,337.60
ILS,GKD-b_49_n150_m45.txt,64.10,312.80
ILS,GKD-b_4_n25_m2.txt,0.00,0.00
ILS,GKD-b_50_n150_m45.txt,59.10,329.00
ILS,GKD-b_5_n25_m2.txt,0.00,0.00
ILS,GKD-b_6_n25_m7.txt,15.16,4.20
ILS,GKD-b_7_n25_m7.txt,30.23,4.00
ILS,GKD-b_8_n25_m7.txt,26.42,4.00
ILS,GKD-b_9_n25_m7.txt,27.42,4.20
LSrandom,GKD-b_10_n25_m7.txt,46.92,0.00
LSrandom,GKD-b_11_n50_m5.txt,84.72,0.00
LSrandom,GKD-b_12_n50_m5.txt,85.17,0.00
LSrandom,GKD-b_13_n50_m5.txt,82.12,0.00
LSrandom,GKD-b_14_n50_m5.txt,90.64,0.00
LSrandom,GKD-b_15_n50_m5.txt,80.57,0.00
LSrandom,GKD-b_16_n50_m15.txt,62.33,5.80
LSrandom,GKD-b_17_n50_m15.txt,48.78,5.80
LSrandom,GKD-b_18_n50_m15.txt,49.52,6.40
LSrandom,GKD-b_19_n50_m15.txt,54.58,7.20
LSrandom,GKD-b_1_n25_m2.txt,0.00,0.00
LSrandom,GKD-b_20_n50_m15.txt,45.84,7.00
LSrandom,GKD-b_21_n100_m10.txt,67.47,5.80
LSrandom,GKD-b_22_n100_m10.txt,66.63,6.20
LSrandom,GKD-b_23_n100_m10.txt,58.70,5.00
LSrandom,GKD-b_24_n100_m10.txt,75.17,4.80
LSrandom,GKD-b_25_n100_m10.txt,49.88,4.80
LSrandom,GKD-b_26_n100_m30.txt,45.13,89.60
LSrandom,GKD-b_27_n100_m30.txt,59.95,135.20
LSrandom,GKD-b_28_n100_m30.txt,71.01,88.80
LSrandom,GKD-b_29_n100_m30.txt,60.13,84.20
LSrandom,GKD-b_2_n25_m2.txt,0.00,0.00
LSrandom,GKD-b_30_n100_m30.txt,55.15,108.20
LSrandom,GKD-b_31_n125_m12.txt,70.19,19.40
LSrandom,GKD-b_32_n125_m12.txt,59.42,9.40
LSrandom,GKD-b_33_n125_m12.txt,59.06,12.00
LSrandom,GKD-b_34_n125_m12.txt,58.30,10.80
LSrandom,GKD-b_35_n125_m12.txt,71.27,12.60
LSrandom,GKD-b_36_n125_m37.txt,58.09,212.00
LSrandom,GKD-b_37_n125_m37.txt,55.37,345.60
LSrandom,GKD-b_38_n125_m37.txt,61.14,196.80
LSrandom,GKD-b_39_n125_m37.txt,60.29,219.80
LSrandom,GKD-b_3_n25_m2.txt,0.00,0.00
LSrandom,GKD-b_40_n125_m37.txt,54.39,212.40
LSrandom,GKD-b_41_n150_m15.txt,59.51,22.60
LSrandom,GKD-b_42_n150_m15.txt,54.51,23.20
LSrandom,GKD-b_43_n150_m15.txt,52.63,28.60
LSrandom,GKD-b_44_n150_m15.txt,53.66,24.40
LSrandom,GKD-b_45_n150_m15.txt,41.83,20.00
LSrandom,GKD-b_46_n150_m45.txt,54.02,478.60
LSrandom,GKD-b_47_n150_m45.txt,44.39,444.60
LSrandom,GKD-b_48_n150_m45.txt,52.56,452.80
LSrandom,GKD-b_49_n150_m45.txt,56.32,295.60
LSrandom,GKD-b_4_n25_m2.txt,0.00,0.00
LSrandom,GKD-b_50_n150_m45.txt,54.39,497.00
LSrandom,GKD-b_5_n25_m2.txt,0.00,0.00
LSrandom,GKD-b_6_n25_m7.txt,38.19,0.00
LSrandom,GKD-b_7_n25_m7.txt,61.14,0.00
LSrandom,GKD-b_8_n25_m7.txt,58.55,0.00
LSrandom,GKD-b_9_n25_m7.txt,55.17,0.00
